﻿{
  "IsEncrypted": false,
  "Values": {
    "AzureWebJobsStorage": "DefaultEndpointsProtocol=https;AccountName=mcollierascend;AccountKey=2dB+6eJUweGf++yMGBgAyo1KDDpgRsMizF4GS4iP9cciocOKHn58WGevvk0/hWUtDF9lrCkIGqiPqKkhebOcdA==;EndpointSuffix=core.windows.net",
    "APPINSIGHTS_INSTRUMENTATIONKEY": "a45cd281-3cde-4209-be73-e820645de9f0",
    "input-queue": "images",
    "input-container": "my-images",
    "documentDatabaseName": "ImageAnalysis",
    "documentCollectionName": "Ascend"
  }
}